size,time_s,peak_bytes,n_objects
32,0.003732583,2558722,33
64,0.00413684,3802338,65
128,0.00750728,6289570,129
256,0.014379716,11264034,257
512,0.035677509,21212962,513
1024,0.066225588,41110818,1025
2048,0.140565116,80906530,2049
4096,0.295335076,160497938,4097
8192,0.676296905,319680802,8193
16384,1.373314977,638046466,16385
