size,time_s,peak_bytes,n_objects
32,0.00383075,2585876,33
64,0.00726206,3829492,65
128,0.029626408,6749992,129
256,0.21347691,15396760,257
512,1.4369801039999999,42127416,513
1024,21.745505947,133337720,1025
