size,time_s,peak_bytes,n_objects
32,0.003910329,2558765,33
64,0.007259055,3802445,65
128,0.029592347,6723977,129
256,0.213075799,15371913,257
512,1.437183028,42104953,513
1024,21.973577632,133319817,1025
