size,time_s,peak_bytes,n_objects
32,0.003404379,2558933,33
64,0.004213333,3802613,65
128,0.007537572,6289973,129
256,0.014580103,11264693,257
512,0.02941705,21214133,513
1024,0.063108165,41113013,1025
2048,0.137085263,80910773,2049
4096,0.306775942,160506293,4097
8192,0.819698386,319697317,8193
16384,1.762328533,638079381,16385
