size,time_s,peak_bytes,n_objects
32,0.003860995,2558554,33
64,0.00719482,3802170,65
128,0.029517606,6722670,129
256,0.224260882,15369454,257
512,1.435889679,42100206,513
1024,21.963011181,133310430,1025
