size,time_s,peak_bytes,n_objects
4,0.000954884,1468649,9
8,0.001127072,1737159,17
16,0.00144585,2399391,33
32,0.00209207,3721935,65
48,0.002703978,5197287,97
64,0.003269988,6368992,129
96,0.004542949,9284271,193
128,0.005712034,11664148,257
