size,time_s,peak_bytes,n_objects
2,0.000971778,1325410,5
4,0.001176136,1653373,9
6,0.001882165,2474335,13
8,0.004620015,5364013,17
10,0.015455478,16602635,21
12,0.088864192,61484713,25
14,0.481928844,240102311,29
16,2.506498165,954179013,33
18,11.538940627,3810189475,37
