size,time_s,peak_bytes,n_objects
4,0.000696175,1469041,9
8,0.00081245,1737943,17
16,0.001080442,2400959,33
32,0.001633443,3725071,65
48,0.002176917,5200423,97
64,0.0027048,6375264,129
96,0.003778373,9290543,193
128,0.005079195,11676692,257
