size,time_s,peak_bytes,n_objects
4,0.000845819,1556216,9
8,0.001178198,2140495,17
16,0.002346772,4034443,33
32,0.005942098,10387267,65
48,0.012042876,19826107,97
64,0.022953693,33362240,129
96,0.052964538,69348808,193
128,0.090173076,120382868,257
