size,time_s,peak_bytes,n_objects
4,0.000731158,1457539,9
8,0.000869485,1726044,17
16,0.001138329,2377156,33
32,0.001715575,3677460,65
48,0.002269978,5100553,97
64,0.002783338,6280001,129
96,0.003942497,9087143,193
128,0.005035909,11486197,257
