size,time_s,peak_bytes,n_objects
4,0.000902074,1469041,9
8,0.000923206,1737943,17
16,0.001169244,2400959,33
32,0.001765389,3725071,65
64,0.002942927,6375264,129
128,0.005334938,11676692,257
256,0.01091318,22279032,513
512,0.024664048,43483256,1025
1024,0.056468784,85891825,2049
2048,0.143552596,170708721,4097
