size,time_s,peak_bytes,n_objects
4,0.000770567,1529602,9
8,0.001090958,2113873,17
16,0.002090448,4007901,33
32,0.005648728,10360885,65
48,0.01153892,19799885,97
64,0.021413491,33336178,129
96,0.05172001,69323054,193
128,0.08977602,120357446,257
