size,time_s,peak_bytes,n_objects
4,0.000677487,1457931,9
8,0.000806381,1726828,17
16,0.00105896,2378724,33
32,0.001611539,3680596,65
48,0.002144459,5103689,97
64,0.002666613,6286273,129
96,0.003768256,9093415,193
128,0.004832484,11498741,257
