size,time_s,peak_bytes,n_objects
4,0.000732499,1457931,9
8,0.000825389,1726828,17
16,0.001202294,2378724,33
32,0.001827103,3680596,65
64,0.003106322,6286273,129
128,0.005698433,11498741,257
256,0.012153742,21923197,513
512,0.028767297,42771581,1025
1024,0.064693487,84468470,2049
2048,0.146190335,167862006,4097
