size,time_s,peak_bytes,n_objects
2,0.000989074,1298738,5
4,0.001195103,1626764,9
6,0.001874394,2447723,13
8,0.004614937,5337431,17
10,0.015541538,16576083,21
12,0.065779532,61458213,25
14,0.450641777,240075819,29
16,2.584315362,954152551,33
18,11.463743993,3810163043,37
