size,time_s,peak_bytes,n_objects
500,0.011928107,11779388,501
1000,0.024442593,22363620,1001
2000,0.054984212,43532084,2001
4000,0.14333945,85869012,4001
8000,0.302164048,170542852,8001
16000,0.673339455,339890580,16001
32000,1.427961141,678585956,32001
64000,3.077511752,1355976740,64001
