size,time_s,peak_bytes,n_objects
500,0.011955936,11779220,501
1000,0.024739344,22363452,1001
2000,0.055428518,43531916,2001
4000,0.141616584,85868844,4001
8000,0.306157668,170542684,8001
16000,0.674421326,339890396,16001
32000,1.439115681,678585772,32001
64000,3.081957272,1355976556,64001
