size,time_s,peak_bytes,n_objects
500,0.012092831,11781069,501
1000,0.026317872,22366301,1001
2000,0.056346714,43536765,2001
4000,0.142755802,85877693,4001
8000,0.306179635,170559549,8001
16000,0.677504909,339923245,16001
32000,1.443219008,678650637,32001
64000,3.11408106,1356105421,64001
