size,time_s,peak_bytes,n_objects
500,0.012283447,11806766,501
1000,0.02516376,22390998,1001
2000,0.056507946,43559462,2001
4000,0.147355775,85896390,4001
8000,0.310525996,170570230,8001
16000,0.689046789,339917926,16001
32000,1.457187325,678613350,32001
64000,3.140683519,1356004118,64001
