size,time_s,peak_bytes,n_objects
500,0.011885933,16132910,500
1000,0.025495754,31089486,1000
2000,0.070905483,61002638,2000
4000,0.147398374,120828942,4000
8000,0.318729175,240481518,8000
16000,0.706239265,479786702,16000
32000,1.5363118980000001,958397006,32000
