size,time_s,peak_bytes,n_objects
500,0.011923036,16139393,500
1000,0.024312932,31102469,1000
2000,0.069437864,61028621,2000
4000,0.147926021,120880909,4000
8000,0.317370371,240585533,8000
16000,0.706298237,479994669,16000
32000,1.528382155,958813069,32000
