size,time_s,peak_bytes,n_objects
500,0.012574383,16159584,500
1000,0.028867058,31116160,1000
2000,0.071651056,61029296,2000
4000,0.158150608,120855616,4000
8000,0.329667899,240508160,8000
16000,0.70516885,479813376,16000
32000,1.530754693,958423696,32000
