size,time_s,peak_bytes,n_objects
250,0.026441618,73227389,250
500,0.091560351,274248679,500
1000,0.269871454,1063292012,1000
2000,0.589680644,4189379419,2000
