size,time_s,peak_bytes,n_objects
500,0.007458816,15417205,500
1000,0.01518347,29612582,1000
2000,0.053706302,58004998,2000
4000,0.116600385,114745766,4000
8000,0.231873919,228230982,8000
16000,0.49902595,455266923,16000
32000,1.058962607,909351467,32000
