size,time_s,peak_bytes,n_objects
500,0.008083826,15417373,500
1000,0.016896656,29612750,1000
2000,0.045732213,58005166,2000
4000,0.098551455,114745934,4000
8000,0.206445365,228231150,8000
16000,0.463555498,455267091,16000
32000,1.054191159,909351635,32000
