size,time_s,peak_bytes,n_objects
500,0.006984864,15422856,500
1000,0.01352496,29623733,1000
2000,0.04564351,58027149,2000
4000,0.097997791,114789917,4000
8000,0.211025502,228319133,8000
16000,0.463940318,455443074,16000
32000,1.0717253,909703618,32000
